,Company,Location,Description,web_name,URL,Founders,LinkedIn,Season,Other Tags,Email
0,Alacrity,"San Francisco, CA, USA",AI Based Account Takeover Prevention Platform,alacrity,https://www.ycombinator.com/companies/alacrity,"['Omar Draz', 'Anderthan Hsieh']",https://www.linkedin.com/company/100487698/admin,W24,"['Active', 'identity', 'fraud-prevention', 'fraud-detection', 'San Francisco']",['founders@joinalacrity.com']
1,ParcelBio,"San Francisco, CA, USA",Next-generation mRNA medicines,parcelbio,https://www.ycombinator.com/companies/parcelbio,"['David Weinberg', 'Chris Carlson']",https://www.linkedin.com/company/parcelbio,W24,"['Active', 'gene-therapy', 'biotech', 'healthcare', 'drug-delivery', 'therapeutics', 'San Francisco']",['founders@parcelbio.com']
2,K-Scale Labs,"New York, NY, USA",Open-source humanoid robots,k-scale-labs,https://www.ycombinator.com/companies/k-scale-labs,"['Benjamin Bolte', 'Pawel Budzianowski', 'Matthew Freed']",https://www.linkedin.com/company/kscale/,W24,"['Active', 'artificial-intelligence', 'machine-learning', 'robotics', 'consumer', 'New York']",['ben@kscale.dev']
3,Marr Labs,"San Francisco, CA, USA",AI-voice agents that are indistinguishable from humans.,marr-labs,https://www.ycombinator.com/companies/marr-labs,"['Dave Grannan', 'Han Shu']",https://www.linkedin.com/company/marrlabs,W24,"['Active', 'artificial-intelligence', 'ai', 'ai-assistant', 'San Francisco']",['hello@marrlabs.com']
4,Forge Rewards,"San Francisco, CA, USA",All-in-one operations software to power restaurants,forge-rewards,https://www.ycombinator.com/companies/forge-rewards,"['Ethan Chang', 'Isaac Kan']",https://linkedin.com/company/forgerewards,W24,"['Active', 'fintech', 'food-tech', 'ai', 'San Francisco']",['founders@forgerewards.com']
5,FanCave,"Roeland Park, KS, USA",Powering the free agency of college sports,fancave,https://www.ycombinator.com/companies/fancave,"['Luke Bogus', 'Nick Siscoe']",https://www.linkedin.com/company/fancave/,W24,"['Active', 'marketplace', 'sports-tech', 'consumer', 'entertainment']",['hello@fancave.me']
6,RetailReady,,An AI-powered supply chain compliance engine,retailready,https://www.ycombinator.com/companies/retailready,"['Elle Smyth', 'Sarah Hamer']",https://www.linkedin.com/company/retailreadyai/,W24,"['Active', 'b2b', 'compliance', 'logistics', 'supply-chain', 'ai']",['founders@retailreadyai.com']
7,Million,"San Francisco, CA, USA","Make websites fast, automatically",million,https://www.ycombinator.com/companies/million,"['Aiden Bai', 'Nisarg Patel', 'John Yang']",https://linkedin.com/in/aidenbai,W24,"['Active', 'developer-tools', 'open-source', 'web-development', 'ai-assistant', 'ml', 'San Francisco']",[]
8,NowHouse,,NowHouse is building a new Broadridge.,nowhouse,https://www.ycombinator.com/companies/nowhouse,['Dhaval Gajiwala'],https://www.linkedin.com/company/nowhouseio/,W24,"['Active', 'artificial-intelligence', 'fintech', 'saas', 'enterprise', 'infrastructure']",['dhaval@nowhouse.io']
9,Crux,,Embedded AI Copilots on Structured Data,crux,https://www.ycombinator.com/companies/crux,"['Himank Jain', 'Atharva Padhye', 'Prabhat Singh']",https://www.linkedin.com/company/getcruxai/,W24,['Active'],[]
10,Reprompt,"San Francisco, CA, USA",Fix hallucinations without code,reprompt,https://www.ycombinator.com/companies/reprompt,"['Lukas Martinelli', 'Rob Balian']",https://www.linkedin.com/company/99389319/,W24,"['Active', 'aiops', 'artificial-intelligence', 'developer-tools', 'b2b', 'api', 'San Francisco']",[]
11,InspectMind AI,"San Francisco, CA, USA","Write Construction Inspections Reports using AI, up to 10x faster",inspectmind-ai,https://www.ycombinator.com/companies/inspectmind-ai,"['Aakash Prasad', 'Shuangling Yin']",https://www.linkedin.com/company/inspectmind-ai,W24,"['Active', 'artificial-intelligence', 'construction', 'b2b', 'proptech', 'ai', 'San Francisco']",['admin@inspectmind.ai']
12,Yarn,"San Francisco, CA, USA",Make sales and marketing videos with AI.,yarn,,,,,,
13,Blacksmith,"San Francisco, CA, USA",Serverless cloud infra for CI,blacksmith,https://www.ycombinator.com/companies/blacksmith,"['Aditya Jayaprakash', 'Aditya Maru', 'Aayush Shah']",https://www.linkedin.com/company/blacksmithrun/,W24,"['Active', 'developer-tools', 'b2b', 'devops', 'cloud-computing', 'infrastructure', 'San Francisco']",['hello@blacksmith.sh']
14,CrowdVolt,"NY, USA",Bid/ask style ticket exchange powered by automated order fulfillment,crowdvolt,https://www.ycombinator.com/companies/crowdvolt,"['Max Hammer', 'Josh Karol', 'Aria Mohseni']",https://www.linkedin.com/company/crowdvolt/,W24,"['Active', 'marketplace', 'entertainment', 'social-network', 'music', 'ticketing']","['founders@crowdvolt.comCrowdVoltFounded', 'founders@crowdvolt.com']"
15,kater.ai,"San Francisco, CA, USA",The first diagnostic analytics platform,kater-ai,https://www.ycombinator.com/companies/kater-ai,"['Yvonne Chou', 'Robin Seitz']",https://www.linkedin.com/company/kater-ai/?viewAsMember=true,W24,"['Active', 'artificial-intelligence', 'analytics', 'data-engineering', 'San Francisco']",['support@kater.ai']
16,MathGPTPro,"Santa Clara, CA, USA",AI Math Tutor towards Personalized Learning,mathgptpro,https://www.ycombinator.com/companies/mathgptpro,"['Tianwei Yue', 'Qi Lyu']",https://www.linkedin.com/company/mathgptpro,W24,"['Active', 'ai-enhanced-learning', 'education', 'generative-ai', 'edtech', 'ai', 'Santa Clara']",[]
17,Quivr,,Open Source Chat-Powered Second Brain,quivr,https://www.ycombinator.com/companies/quivr,"['Stan Girard', 'Antoine Dewez', 'Brian Laleye']",https://www.linkedin.com/company/getquivr/,W24,['Active'],[]
18,Dragoneye,"New York, NY, USA",Helping devs build computer vision models automatically,dragoneye,https://www.ycombinator.com/companies/dragoneye,['Alex Liao'],https://linkedin.com/in/alexliaoo,W24,"['Active', 'artificial-intelligence', 'developer-tools', 'computer-vision', 'ml', 'New York']",['alex@dragoneye.ai']
19,renderlet,"New York, NY, USA",Build interactive applications that run anywhere,renderlet,https://www.ycombinator.com/companies/renderlet,['Sean Isom'],https://www.linkedin.com/company/renderlet,W24,"['Active', 'developer-tools', 'design-tools', 'data-visualization', 'New York']",['sean@renderlet.com']
20,Fume,"San Francisco, CA, USA",We are building the AI Software Developer,fume,https://www.ycombinator.com/companies/fume,"['Emre Gucer', 'Metehan Öz']",https://linkedin.com/in/aegucer,W24,"['Active', 'artificial-intelligence', 'developer-tools', 'b2b', 'San Francisco']","['emre@fumedev.comFumeFounded', 'emre@fumedev.com']"
21,Numo,"San Francisco, CA, USA",The offshore bank for international contractors,numo,https://www.ycombinator.com/companies/numo,"['Derrick Wolbert', 'Reuben Balik', 'Q Carlson']",https://www.linkedin.com/company/numoinc,W24,"['Active', 'fintech', 'payments', 'compliance', 'emerging-markets', 'neobank', 'San Francisco']","['derrick@numohq.com', 'q@numohq.com', 'reuben@numohq.com']"
22,Forge,"San Francisco, CA, USA",Procurement software for hardware companies,forge,https://www.ycombinator.com/companies/forge,"['Emir Sahmanovic', 'Haris Sahmanovic']",https://www.linkedin.com/company/forgehq/,W24,"['Active', 'saas', 'b2b', 'manufacturing', 'supply-chain', 'procurement', 'San Francisco']",['emir@forgehq.com']
23,Taiki,,Universal API for tax data,taiki,https://www.ycombinator.com/companies/taiki,"['Richard Zhang', 'Alan Lu']",https://www.linkedin.com/company/taikiai,W24,['Active'],[]
24,Konstructly,"London, England, United Kingdom",The Modern Operating System for Construction,konstructly,https://www.ycombinator.com/companies/konstructly,"['Stefan Vukcevic', 'John Hesler', 'Dima Mikhailovich']",https://www.linkedin.com/company/konstructly/,W24,"['Active', 'fintech', 'saas', 'construction', 'b2b', 'enterprise']",['stefan@konstructly.com']
25,Pico,,Pico organizes and takes action on your iPhone screenshots,pico,https://www.ycombinator.com/companies/pico,"['Taylor Rogalski', 'Zach Gotsch']",https://www.linkedin.com/in/zach-gotsch-b90a9011/,W24,"['Active', 'artificial-intelligence', 'consumer']",[]
26,Granza Bio,"San Francisco, CA, USA",Cancer targeting attack particles,granza-bio,https://www.ycombinator.com/companies/granza-bio,"['Ashwin Nandakumar', 'Ashwin Jainarayanan']",https://www.linkedin.com/company/101140973/,W24,"['Active', 'synthetic-biology', 'biotech', 'healthcare', 'therapeutics', 'oncology', 'San Francisco']","['founders@granzabio.com', 'founders@granzabio.com']"
27,Haplotype Labs,"Orinda, CA, USA",Personalized prevention using genetics and AI,haplotype-labs,https://www.ycombinator.com/companies/haplotype-labs,['Mike Polcari'],https://www.linkedin.com/company/haplotype-labs/,W24,"['Active', 'machine-learning', 'saas', 'healthcare', 'genomics', 'ai']",['yclaunch@haplotypelabs.com']
28,Healia,,Modern health insurance for dual income families,healia,https://www.ycombinator.com/companies/healia,['Priyang Shah'],https://www.linkedin.com/company/healia-health,W24,"['Active', 'b2b', 'healthcare', 'health-insurance', 'ai']",['founders@healiahealth.com']
29,TrueClaim,"San Francisco, CA, USA",Automatically saving self-insured companies 7% on healthcare,trueclaim,https://www.ycombinator.com/companies/trueclaim,"['Barbora Howell', 'Bobby Bayer']",https://www.linkedin.com/company/trytrueclaim,W24,"['Active', 'saas', 'health-tech', 'healthcare', 'hr-tech', 'health-insurance', 'San Francisco']",['founders@trytrueclaim.com']
30,CoCrafter,"Munich, BY, Germany",B2B construction marketplace to match contractors and subcontractors.,cocrafter,https://www.ycombinator.com/companies/cocrafter,"['Johannes Lutz', 'Philipp Rollwage', 'Annabell V.']",https://www.linkedin.com/company/cocrafter/,W24,"['Active', 'marketplace', 'construction']",[]
31,Reform,"San Francisco, CA, USA",Retool for logistics companies,reform,https://www.ycombinator.com/companies/reform,"['Saif Abuhashish', 'Omar Abuhashish', 'Pradhit Gosula']",https://www.linkedin.com/company/reformhq,W24,"['Active', 'saas', 'logistics', 'supply-chain', 'ai', 'San Francisco']",['founders@reformhq.com']
32,Piramidal,"San Francisco, CA, USA",Foundation Model for the Brain,piramidal,https://www.ycombinator.com/companies/piramidal,"['Dimitris Fotis Sakellariou', 'Kris Pahuja']",https://www.linkedin.com/company/piramidalai/about,W24,"['Active', 'hard-tech', 'neurotechnology', 'health-tech', 'diagnostics', 'ai', 'San Francisco']",['info@piramidal.ai']
33,Junction Bioscience,"San Francisco, CA, USA",AI Hypothesis Engine for Molecular Discovery,junction-bioscience,https://www.ycombinator.com/companies/junction-bioscience,['Brian Petkov'],https://linkedin.com/in/brian-petkov-b2a63680,W24,"['Active', 'ai-powered-drug-discovery', 'biotech', 'therapeutics', 'drug-discovery', 'ai', 'San Francisco']",['brian@junction.bio']
34,OddsView,"New York, NY, USA",The Bloomberg Terminal of Sports Betting,oddsview,https://www.ycombinator.com/companies/oddsview,"['Davis Tong', 'Ajay Koritala', 'Akaash Patel', 'Anthony Ter-Saakov', 'Henri Zhang']",https://linkedin.com/in/davistong,W24,"['Active', 'sports-tech', 'consumer', 'New York']",[]
35,SiLogy,"New York, NY, USA",A collaborative test and debug platform for chip developers,silogy,https://www.ycombinator.com/companies/silogy,"['Kay Li', 'Paul Kim']",https://www.linkedin.com/company/100808053/,W24,"['Active', 'developer-tools', 'saas', 'b2b', 'semiconductors', 'New York']",['paul@silogy.io']
36,Senso,"Toronto, ON, Canada",AI-Powered Knowledge Base for Customer Support,senso,https://www.ycombinator.com/companies/senso,"['Saroop Bharwani', 'Thomas Nelson']",https://www.linkedin.com/company/senso.ai,W24,"['Active', 'artificial-intelligence', 'generative-ai', 'saas', 'enterprise-software', 'conversational-ai']",['hello@senso.ai']
37,Eris Biotech,"American Fork, UT, USA",Our drugs engage the immune system to fight tumors,eris-biotech,https://www.ycombinator.com/companies/eris-biotech,"['Rachel Garlick', 'Evita Weagel']",https://www.linkedin.com/company/eris-biotech/about/,W24,"['Active', 'biotech', 'therapeutics', 'drug-discovery', 'oncology']",['founders@erisbio.com']
38,Powder,"Los Altos, CA, USA",Sales platform for wealth advisors,powder,https://www.ycombinator.com/companies/powder,"['Kanishk Parashar', 'Soo Yung Cho', 'David Goerz', 'Dominic Tully']",https://www.linkedin.com/company/powderfinance/,W24,"['Active', 'fintech', 'generative-ai', 'b2b', 'ai-assistant', 'Los Altos']",[]
39,OpenFoundry,"San Francisco, CA, USA",The fastest developer experience for building on open source AI.,openfoundry,https://www.ycombinator.com/companies/openfoundry,"['Tyler Lehman', 'Arthur Chi']",https://www.linkedin.com/company/openfoundry/,W24,"['Active', 'developer-tools', 'b2b', 'open-source', 'infrastructure', 'ai', 'San Francisco']","['tyler@openfoundry.ai', 'arthur@openfoundry.ai']"
40,GoldenBasis,"San Francisco, CA, USA",Modern back-office software for brokerages,goldenbasis,https://www.ycombinator.com/companies/goldenbasis,"['Grant Ackerman', 'Andrew Wang']",https://www.linkedin.com/company/goldenbasis,W24,"['Active', 'fintech', 'api', 'enterprise-software', 'infrastructure', 'operations', 'San Francisco']",['founders@goldenbasis.com']
41,Arcane,"New York, NY, USA",AI powered Roblox,arcane,https://www.ycombinator.com/companies/arcane,"['Rohan Mehta', 'Lucas Switzer']",https://www.linkedin.com/company/arcaneai/,W24,"['Active', 'artificial-intelligence', 'generative-ai', 'consumer', 'gaming', 'ai', 'New York']",[]
42,Somn,"San Francisco, CA, USA",Human-like AI receptionists for clinics,somn,https://www.ycombinator.com/companies/somn,"['Shawn Shivdat', 'Deniz Sert']",https://www.linkedin.com/company/76534709,W24,"['Active', 'artificial-intelligence', 'generative-ai', 'b2b', 'digital-health', 'healthcare', 'San Francisco']",['shawn@somnapp.com']
43,Magic Hour,"San Francisco, CA, USA",Platform for AI video generation.,magic-hour,https://www.ycombinator.com/companies/magic-hour,"['Runbo Li', 'David Hu']",https://www.linkedin.com/company/magichour,W24,"['Active', 'artificial-intelligence', 'b2b', 'video', 'media', 'creator-economy', 'San Francisco']","['founders@magichour.ai', 'founders@magichour.ai']"
44,Ryse,"New York, NY, USA",The secondary market for real estate leases,ryse,https://www.ycombinator.com/companies/ryse,"['Sean Mitchell', 'Harsh Yadav']",https://www.linkedin.com/company/ryse-market/,W24,"['Active', 'fintech', 'machine-learning', 'marketplace', 'b2b', 'proptech', 'New York']",['hello@rysemarket.com']
45,Lumona,"San Francisco, CA, USA",Product search featuring recommendations from creators you trust.,lumona,https://www.ycombinator.com/companies/lumona,"['Dylan Walker', 'Qiong Zhou Huang', 'Philena Liu']",https://www.linkedin.com/company/lumona-ai,W24,"['Active', 'artificial-intelligence', 'generative-ai', 'consumer', 'search', 'San Francisco']","['founders@lumona.ai', 'founders@lumona.ai']"
46,Datacurve,,Curated data for training LLMs,datacurve,https://www.ycombinator.com/companies/datacurve,"['Serena Ge', 'Charley Lee']",https://www.linkedin.com/company/datacurveai,W24,['Active'],['serena@datacurve.ai']
47,Marblism,,Generate a fully-functional web app from a single prompt,marblism,https://www.ycombinator.com/companies/marblism,"['Ulric Musset', 'Cyril Pluche']",https://linkedin.com/in/ulricmusset,W24,"['Active', 'artificial-intelligence', 'developer-tools', 'generative-ai', 'ai-assistant']",[]
48,CommodityAI,"San Francisco, CA, USA",AI-Powered Shipment Management for Commodity Traders,commodityai,https://www.ycombinator.com/companies/commodityai,"['Philip Koenig, CEO', 'Daniel Cervoni', 'Kyle Franz']",https://www.linkedin.com/company/commodityai,W24,"['Active', 'b2b', 'workflow-automation', 'supply-chain', 'enterprise-software', 'ai', 'San Francisco']",[]
49,Veles,"Santa Barbara, CA, USA",Copilot for Enterprise Software Sales,veles,https://www.ycombinator.com/companies/veles,"['Simon Ooley', 'Patrick Koperwas']",https://www.linkedin.com/company/velesinc,W24,"['Active', 'b2b', 'sales', 'enterprise', 'ai']",['founders@getveles.com']
50,Miden,"Ikeja, LA, Nigeria",Miden is a card issuer processor and core banking for businesses in…,miden,https://www.ycombinator.com/companies/miden,"['Okiemute Avworhokai', 'Ini Udoh']",https://www.linkedin.com/company/tyrus-technologies/,W24,"['Active', 'fintech', 'payments', 'b2b', 'apis']",['founders@tyrus.io']
51,Fluently,Remote,AI-powered speaking coach for calls,fluently,https://www.ycombinator.com/companies/fluently,"['Yurii Rebryk', 'Stanislav Beliaev']",https://linkedin.com/company/fluently-ai,W24,"['Active', 'education', 'saas', 'b2b', 'productivity', 'ai']",['yrebryk@getfluently.app']
52,Basepilot,"San Francisco, CA, USA","AI coworkers to automate browser work, in minutes.",basepilot,https://www.ycombinator.com/companies/basepilot,"['Ken Hendricks', 'Pascal Wieler']",https://www.linkedin.com/company/basepilot/,W24,"['Active', 'artificial-intelligence', 'saas', 'no-code', 'automation', 'ai-assistant', 'San Francisco']",['founders@basepilot.com']
53,Aqua Voice,"San Francisco, CA, USA",Voice-only text editor,aqua-voice,https://www.ycombinator.com/companies/aqua-voice,"['Finnian Brown', 'Jack McIntire']",https://linkedin.com/in/finn-brown-3b0b56113,W24,"['Active', 'documents', 'artificial-intelligence', 'generative-ai', 'nlp', 'San Francisco']",[]
54,Onedoc,"Paris, Île-de-France, France",An API For PDF Document Workflows,onedoc,https://www.ycombinator.com/companies/onedoc,"['Pierre Dorge', 'Titouan Launay', 'Auguste Lefevre']",https://www.linkedin.com/company/onedoclabs/,W24,"['Active', 'documents', 'developer-tools', 'b2b', 'api']",['yc@onedoclabs.com']
55,xPay,"San Francisco, CA, USA",International payments API for businesses in India and SEA,xpay,https://www.ycombinator.com/companies/xpay,"['Aniket Gupta', 'Rakshit Bansal']",https://www.linkedin.com/company/xpay-checkout/?viewAsMember=true,W24,"['Active', 'fintech', 'payments', 'international', 'San Francisco']",['founders@xpaycheckout.com']
56,DeepNight,"San Francisco, CA, USA",Building The Next Generation of Night Vision Devices,deepnight,https://www.ycombinator.com/companies/deepnight,"['Lucas Young', 'Thomas Li']",https://www.linkedin.com/in/lucasdyoung/,W24,"['Active', 'artificial-intelligence', 'computer-vision', 'San Francisco']","['thomas@deepnight.ai', 'lucas@deepnight.ai']"
57,Vista Space,"San Francisco, CA, USA",Structural batteries for high-performance spacecraft,vista-space,https://www.ycombinator.com/companies/vista-space,"['Maxim Kraft', 'Chaitanya Kore', 'Petar Matejic']",https://linkedin.com/company/vista-space,W24,"['Active', 'alternative-battery-tech', 'space-exploration', 'satellites', 'energy', 'aerospace', 'San Francisco']","['sales@govista.space', 'sales@govista.space']"
58,Corefin,"San Francisco, CA, USA",Open-source lending infrastructure,corefin,https://www.ycombinator.com/companies/corefin,"['Hubert Tsen', 'Albert Jo']",https://www.linkedin.com/company/getcorefin,W24,"['Active', 'fintech', 'finance', 'open-source', 'lending', 'infrastructure', 'San Francisco']",['founders@corefin.org']
59,Ocular AI,"San Francisco, CA, USA",Open Core Enterprise-grade AI & Search for Engineering & Work,ocular-ai,https://www.ycombinator.com/companies/ocular-ai,"['Michael Moyo', 'Louis Murerwa']",https://www.linkedin.com/company/use-ocular,W24,"['Active', 'generative-ai', 'b2b', 'productivity', 'open-source', 'ai', 'San Francisco']",['founder@useocular.com']
60,Retell AI,"San Francisco, CA, USA",Infra for Building Conversational Voice AI,retell-ai,https://www.ycombinator.com/companies/retell-ai,"['Bing Wu', 'Todd Li', 'Evie Wang', 'Weijia Yu', 'Zexia Zhang']",https://www.linkedin.com/company/98828489,W24,"['Active', 'developer-tools', 'b2b', 'api', 'ai', 'conversational-ai', 'San Francisco']",['founders@re-tell.ai']
61,Rove,"New York, NY, USA",The first travel credit card for Generation Z.,rove,https://www.ycombinator.com/companies/rove,"['Max Morganroth', 'Arhan Chhabra']",https://www.linkedin.com/company/rovecard/,W24,"['Active', 'fintech', 'consumer', 'travel', 'ai', 'New York']",[]
62,camelQA,"Austin, TX, USA",AI that replaces human QAs for mobile app testing,camelqa,https://www.ycombinator.com/companies/camelqa,"['Illiana Reed', 'Isabella Reed', 'Miguel Salinas']",https://www.linkedin.com/company/camelqa,W24,"['Active', 'artificial-intelligence', 'saas', 'Austin']",['isabella@camelQA.com']
63,Spark,,AI-powered workflows for large-scale clean energy,spark,https://www.ycombinator.com/companies/spark,"['Julia Wu', 'Tae Kim']",https://www.linkedin.com/company/sparkhqai/,W24,"['Active', 'artificial-intelligence', 'climate', 'energy', 'renewable-energy']",['founders@sparkhq.ai']
64,Titan,"San Francisco, CA, USA",Open-source toolkit for data compliance,titan,https://www.ycombinator.com/companies/titan,"['Clayton Gardner', 'Joe Percoco', 'Max Bernardy, CTO']",https://www.linkedin.com/company/titan-invest,S18,"['Active', 'fintech', 'saas', 'New York']",[]
65,Terrakotta,"San Francisco, CA, USA",AI platform for phone-first sellers,terrakotta,https://www.ycombinator.com/companies/terrakotta,"['Vincent Wilson', 'Kusiima Boswell', 'Gabriel Wilson']",https://www.linkedin.com/company/terrakotta-ai/about/,W24,"['Active', 'real-estate', 'sales', 'telecommunications', 'home-services', 'conversational-ai', 'San Francisco']",[]
66,Stacksync,"San Francisco, CA, USA",Real-time and two-way sync between CRMs and Databases,stacksync,https://www.ycombinator.com/companies/stacksync,"['Ruben Burdin', 'Alexis Favre']",https://www.linkedin.com/company/stacksyncdata/,W24,"['Active', 'b2b', 'api', 'crm', 'data-engineering', 'databases', 'San Francisco']",['ruben@stacksync.cloud']
67,Hatchet,"New York, NY, USA",Background task orchestration and visibility,hatchet,,,,,,
68,Shepherd,Remote,Every student's personalized learning assistant,shepherd,https://www.ycombinator.com/companies/shepherd,"['Mohamed El Mahallawy', 'Justin Levine']",https://linkedin.com/company/withshepherd,W21,"['Active', 'construction', 'insurance', 'San Francisco']",[]
69,Sonauto,"San Francisco, CA, USA",Create hit songs with AI,sonauto,https://www.ycombinator.com/companies/sonauto,"['Ryan Tremblay', 'Hayden Housen']",https://www.linkedin.com/company/sonautoai/,W24,"['Active', 'social', 'music', 'ai', 'San Francisco']",[]
70,BiteSight,"New York, NY, USA",The video-based food delivery app. Imagine TikTok meets DoorDash.,bitesight,https://www.ycombinator.com/companies/bitesight,"['Lucious McDaniel IV', 'Zac Schulwolf']",https://www.linkedin.com/company/bitesight-food-delivery/about/,W24,"['Active', 'social-media', 'restaurant-tech', 'marketing', 'New York']",[]
71,Velorum Therapeutics,"San Francisco, CA, USA",Powerful cancer drugs that starve tumors,velorum-therapeutics,https://www.ycombinator.com/companies/velorum-therapeutics,"['Pouya Modareszadeh', 'Parsa Modareszadeh']",https://www.linkedin.com/company/velorumtx/,W24,"['Active', 'biotech', 'healthcare', 'therapeutics', 'drug-discovery', 'oncology', 'San Francisco']",['info@velorumtx.com']
72,Zep AI,Remote,Long-Term Memory for AI Assistants,zep-ai,https://www.ycombinator.com/companies/zep-ai,['Daniel Chalef'],https://linkedin.com/in/danielchalef,W24,['Active'],[]
73,Openmart,,AI alternative to ZoomInfo,openmart,https://www.ycombinator.com/companies/openmart,"['Richard He', 'Kathryn Wu']",https://linkedin.com/company/openmartai,W24,"['Active', 'artificial-intelligence', 'saas', 'b2b', 'sales', 'ai']",['founders@openmart.ai']
74,Triply,"Nairobi, Nairobi County, Kenya",Operating system for travel businesses in Africa with embedded finance,triply,https://www.ycombinator.com/companies/triply,"['Peter Wachira', 'Collins Muthinja']",https://www.linkedin.com/company/tripitaca/,W24,"['Active', 'fintech', 'marketplace', 'saas', 'travel']",['founders@triply.co']
75,Amber AI,"San Francisco, CA, USA",Co-pilot for Account Managers,amber-ai,https://www.ycombinator.com/companies/amber-ai,"['Oliver Zou', 'Helen Wu']",https://www.linkedin.com/company/amber-ai/,W24,"['Active', 'artificial-intelligence', 'b2b', 'customer-success', 'sales', 'customer-service', 'San Francisco']",[]
76,thorntale,"San Francisco, CA, USA","Canva for data, product, and engineering teams",thorntale,https://www.ycombinator.com/companies/thorntale,"['Dori Wilson', 'Ellen Hui', 'John Stimac']",https://www.linkedin.com/company/thorntale/,W24,"['Active', 'saas', 'b2b', 'productivity', 'collaboration', 'data-visualization', 'San Francisco']","['founders@thorntale.com', 'founders@thorntale.com']"
77,Alai,"San Francisco, CA, USA",Create high quality presentations faster using AI,alai,https://www.ycombinator.com/companies/alai,"['Anmol Sood', 'Krishna Gupta']",https://www.linkedin.com/company/getalai,W24,"['Active', 'generative-ai', 'saas', 'productivity', 'enterprise-software', 'ai', 'San Francisco']",['founders@getalai.com']
78,PocketPod,"San Francisco, CA, USA",AI generated podcasts tailored to your interests,pocketpod,https://www.ycombinator.com/companies/pocketpod,"['Ross Cefalu', 'Davis Palmie']",https://www.linkedin.com/company/pocketpod,W24,"['Active', 'ai-enhanced-learning', 'consumer', 'entertainment', 'podcasts', 'ai', 'San Francisco']",[]
79,Brainbase,"San Francisco, CA, USA",AI workflow automations for enterprise,brainbase,https://www.ycombinator.com/companies/brainbase,['Gokhan Egri'],https://www.linkedin.com/company/usebrainbase,W24,"['Active', 'artificial-intelligence', 'generative-ai', 'saas', 'b2b', 'workflow-automation', 'San Francisco']",['gokhan@usebrainbase.xyz']
80,Focal,"San Francisco, CA, USA",AI video creation tool for TV shows and movies,focal,https://www.ycombinator.com/companies/focal,"['Robert Cunningham', 'Felix Wang']",https://www.linkedin.com/company/focalml/,W24,"['Active', 'artificial-intelligence', 'consumer', 'video', 'San Francisco']",['founders@focalml.com']
81,Givefront,,Banking for Nonprofits,givefront,https://www.ycombinator.com/companies/givefront,"['Matt Tengtrakool', 'Ethan Sayre']",https://www.linkedin.com/company/givehq,W24,['Active'],['founders@givefront.com']
82,Cleva,"Lagos, LA, Nigeria",USD banking platform for Africa,cleva,https://www.ycombinator.com/companies/cleva,"['Tolu Alabi, CEO', 'Philip Abel, CTO']",https://www.linkedin.com/company/cleva-banking/,W24,"['Active', 'fintech', 'b2b', 'remote-work', 'emerging-markets']",['contact@getcleva.com']
83,Oma Care,"San Francisco, CA, USA",Get paid for taking care of your parents. ,oma-care,https://www.ycombinator.com/companies/oma-care,"['Arianna Galbraith', 'James Galbraith']",https://www.linkedin.com/company/oma-care1/,W24,"['Active', 'consumer-health-services', 'health-tech', 'healthcare', 'health-insurance', 'San Francisco']",['founders@omacare.com']
84,Artos,,"Turning science into regulatory submissions in minutes, not months.",artos,https://www.ycombinator.com/companies/artos,"['Josh Kim', 'Varun Patel']",https://www.linkedin.com/company/99344183/admin/feed/posts/,W24,['Active'],['founders@artosai.com']
85,Model ML,"London, England, United Kingdom",AI tool for private equity firms and investment banks.,model-ml,https://www.ycombinator.com/companies/model-ml,"['Arnie Englander', 'Chaz Englander']",https://linkedin.com/in/arnie-englander,W24,"['Active', 'saas', 'finance', 'b2b', 'ai']",[]
86,BetterBasket,"San Francisco, CA, USA",Pricing for grocers with competitive data,betterbasket,https://www.ycombinator.com/companies/betterbasket,"['Leon Zhang', 'Vagelis Viskadouros']",https://www.linkedin.com/company/98110558,W24,"['Active', 'artificial-intelligence', 'b2b', 'analytics', 'food-&-beverage', 'retail', 'San Francisco']",['founders@betterbasket.ai']
87,Circleback,,AI-powered meeting productivity suite,circleback,https://www.ycombinator.com/companies/circleback,"['Ali Haghani', 'Kevin Jacyna']",https://linkedin.com/company/circlebackai,W24,['Active'],['founders@circleback.ai']
88,just words,"San Francisco, CA, USA",Infrastructure & LLMs for content ranking,just-words,https://www.ycombinator.com/companies/just-words,['Neha Mittal'],https://www.linkedin.com/company/justwordsai/,W24,"['Active', 'artificial-intelligence', 'b2b', 'productivity', 'infrastructure', 'San Francisco']",['founders@justwords.ai']
89,Risotto,"San Francisco, CA, USA",Risotto auto-solves IT support requests using AI,risotto,https://www.ycombinator.com/companies/risotto,"['Aron Solberg', 'Alex Confer', 'Chris Paul']",https://www.linkedin.com/company/tryrisotto/,W24,"['Active', 'artificial-intelligence', 'b2b', 'compliance', 'security', 'enterprise', 'San Francisco']",['founders@tryrisotto.com']
90,DianaHR,"San Francisco, CA, USA",An AI-Powered HR Person ,dianahr,https://www.ycombinator.com/companies/dianahr,"['Upeka Bee', 'Tim Kral']",https://www.linkedin.com/company/dianahr/,W24,"['Active', 'artificial-intelligence', 'human-resources', 'compliance', 'hr-tech', 'operations', 'San Francisco']",['founders@dianahr.ai']
91,HeartByte,"San Francisco, CA, USA",GenAI Webtoon. Creator write fictions 10x faster.,heartbyte,https://www.ycombinator.com/companies/heartbyte,"['Rachel Wang', 'Xinyue Liang']",https://www.linkedin.com/in/rachelshuyanwang,W24,"['Active', 'generative-ai', 'consumer', 'entertainment', 'social-media', 'San Francisco']",['rachel@heartbyte.ai']
92,Yondu,"San Francisco, CA, USA",Robotic Foundation Models for Intelligent Navigation,yondu,https://www.ycombinator.com/companies/yondu,"['Michael Chen', 'Tahmid Jamal']",https://www.linkedin.com/company/yonduai/,W24,"['Active', 'generative-ai', 'hard-tech', 'robotics', 'navigation', 'ai', 'San Francisco']",[]
93,dawn,,Analytics for AI products.,dawn,https://www.ycombinator.com/companies/dawn,"['Zubin Koticha', 'Alexis Gauba', 'Ben Hylak']",https://linkedin.com/in/zkoticha,W24,['Active'],['zk@dawnai.com']
94,Lumina,"San Francisco, CA, USA",AI Answer Engine for Science,lumina,https://www.ycombinator.com/companies/lumina,"['Aswin Andrison', 'Tri Ahmad Irfan']",http://linkedin.com/in/aandrison,W22,"['Active', 'aiops', 'marketplace', 'saas', 'community', 'automation']",[]
95,Centauri AI,"Alameda, CA, USA",The Modern ETL and Data Science Platform for Finance,centauri-ai,https://www.ycombinator.com/companies/centauri-ai,"['He Lu', 'Milan Shen', 'James Wu']",https://www.linkedin.com/company/101369147/,W24,"['Active', 'fintech', 'b2b', 'data-science', 'data-engineering', 'ai', 'Alameda']",['he.lu@centauri-ai.tech']
96,ProSights,"New York, NY, USA",AI-Native Operating System for the Modern Investment Firm,prosights,https://www.ycombinator.com/companies/prosights,"['Justin Wu', 'Aaron Guo', 'Howard Zhong']",https://www.linkedin.com/company/prosightsdata/,W24,"['Active', 'fintech', 'analytics', 'enterprise-software', 'investments', 'ai', 'New York']",['founders@prosights.co']
97,Manifold Freight,"Seattle, WA, USA",Aggregating Spot Freight Opportunities for Carriers,manifold-freight,https://www.ycombinator.com/companies/manifold-freight,"['Oliver Jones', 'Andrew Huff']",https://www.linkedin.com/company/manifold-freight/,W24,"['Active', 'artificial-intelligence', 'b2b', 'logistics', 'automation', 'Seattle']",[]
98,edgetrace,,Real-world video understanding models,edgetrace,https://www.ycombinator.com/companies/edgetrace,"['David Okao', 'Kyle Orciuch']",https://linkedin.com/company/edgetrace,W24,"['Active', 'artificial-intelligence', 'computer-vision', 'b2b', 'video', 'api']",['founders@edgetrace.ai']
99,Clarum,"San Francisco, CA, USA","Accelerated, reliable due diligence, driven by AI",clarum,https://www.ycombinator.com/companies/clarum,"['Anton Otaner', 'Tommy He']",https://www.linkedin.com/company/clarum-ai,W24,"['Active', 'generative-ai', 'saas', 'finance', 'b2b', 'productivity', 'San Francisco']",['contact@clarum.ai']
100,Opencall.ai,"San Francisco, CA, USA",AI call centers for any business,opencall-ai,https://www.ycombinator.com/companies/opencall-ai,"['Oliver Silverstein', 'Nicholas Lee', 'Eric Mei', 'Arthur Silverstein']",https://www.linkedin.com/company/opencall-ai/?viewAsMember=true,W24,"['Active', 'artificial-intelligence', 'b2b', 'call-center', 'ai-assistant', 'San Francisco']",[]
101,Voicepanel,,Better surveys with AI,voicepanel,https://www.ycombinator.com/companies/voicepanel,"['Asa Schachar', 'John Provine']",https://www.linkedin.com/company/voicepanel,W24,['Active'],['john@voicepanel.co']
102,Skygaze,,Content recommendation for the new social web,skygaze,https://www.ycombinator.com/companies/skygaze,"['Cooper Edmunds', 'Jett Hollister', 'Adithya Vellal']",https://www.linkedin.com/company/skygaze/,W24,"['Active', 'machine-learning', 'consumer', 'social-media', 'recommendation-system']",[]
103,Abel,"San Francisco, CA, USA",Transforming document review for litigation teams,abel,https://www.ycombinator.com/companies/abel,"['Sean Safahi', 'Chenyu Li']",https://www.linkedin.com/company/tryabel/,W24,"['Active', 'artificial-intelligence', 'generative-ai', 'b2b', 'legal', 'legaltech', 'San Francisco']",['founders@tryabel.com']
104,OffDeal,"New York, NY, USA",AI-native investment bank for buying SMBs,offdeal,https://www.ycombinator.com/companies/offdeal,"['Ori Eldarov', 'Alston Lin']",https://www.linkedin.com/company/offdeal/,W24,"['Active', 'fintech', 'generative-ai', 'b2b', 'smb', 'ai-assistant', 'New York']",['founders@offdeal.io']
105,Delve,"San Francisco, CA, USA","HIPAA compliance in days, not months.",delve,https://www.ycombinator.com/companies/delve,"['Karun Kaushik', 'Selin Kocalar']",https://www.linkedin.com/company/getdelve/,W24,"['Active', 'saas', 'health-tech', 'b2b', 'compliance', 'infrastructure', 'San Francisco']",['founders@getdelve.com']
106,Andy AI,"San Francisco, CA, USA",Faster clinical documentation for home health nurses,andy-ai,https://www.ycombinator.com/companies/andy-ai,"['Tiantian Zha', 'Max Akhterov']",http://linkedin.com/company/with-andy,W24,"['Active', 'artificial-intelligence', 'saas', 'health-tech', 'b2b', 'healthcare', 'San Francisco']",[]
107,Hazel,"New York, NY, USA",AI-enabled procurement marketplace for government,hazel,,,,,,
108,Shiboleth,"New York, NY, USA",Shiboleth automates lending compliance for financial institutions…,shiboleth,https://www.ycombinator.com/companies/shiboleth,"['Esty Scheiner', 'Bivu Dhungana']",https://www.linkedin.com/company/shiboleth/about/,W24,"['Active', 'fintech', 'generative-ai', 'b2b', 'compliance', 'lending', 'New York']","['founders@shiboleth.ai', 'founders@shiboleth.ai']"
109,Kontractify,"San Francisco, CA, USA","RFPs for enterprises, powered by LLMs",kontractify,https://www.ycombinator.com/companies/kontractify,"['Aidan Lee', 'Justin May', 'Anand Nanduri']",https://www.linkedin.com/company/kontractifyhq,W24,"['Active', 'saas', 'b2b', 'supply-chain', 'procurement', 'San Francisco']",['aidan@kontractify.com']
110,Soundry AI,"Seattle, WA, USA",Professional Quality AI Music Creation,soundry-ai,https://www.ycombinator.com/companies/soundry-ai,"['Mark Buckler, CEO', 'Justin Parus', 'Diandre Ruiz']",https://www.linkedin.com/company/soundry-ai/,W24,"['Active', 'artificial-intelligence', 'social-media', 'music', 'ai-assistant', 'Seattle']",['founders@soundry.ai']
111,Elodin,"San Francisco, CA, USA",Modern Software Development Platform for Aerospace Control Systems.,elodin,https://www.ycombinator.com/companies/elodin,"['Daniel Driscoll', 'Tom Gurka', 'Andrei Khvalko', 'Akhil Velagapudi', 'Sascha Wise']",https://www.linkedin.com/company/elodin-systems-inc,W24,"['Active', 'drones', 'satellites', 'aerospace', 'San Francisco']",['founders@elodin.systems']
112,HostAI,"San Francisco, CA, USA",The operating system for managing vacation rentals. ,hostai,https://www.ycombinator.com/companies/hostai,"['Cole Rubin', 'Punn Kam']",https://www.linkedin.com/company/host-ai/,W24,"['Active', 'saas', 'real-estate', 'b2b', 'proptech', 'ai', 'San Francisco']",['cole@hostai.app']
113,Trieve,"San Francisco, CA, USA",Infrastructure for search teams building retrieval and RAG,trieve,https://www.ycombinator.com/companies/trieve,"['Nicholas Khami', 'Denzell Ford']",https://www.linkedin.com/company/trieveai/,W24,"['Active', 'developer-tools', 'b2b', 'open-source', 'api', 'ai', 'San Francisco']",['founders@trieve.ai']
114,Tensorfuse,"San Francisco, CA, USA",Deploy and scale LLM pipelines on your own cloud,tensorfuse,https://www.ycombinator.com/companies/tensorfuse,"['Samagra Sharma', 'Agam Jain']",https://www.linkedin.com/company/tensorfuse/,W24,"['Active', 'aiops', 'artificial-intelligence', 'developer-tools', 'generative-ai', 'infrastructure', 'San Francisco']",['founders@tensorfuse.io']
115,Toma,"New York, NY, USA",AI phone automation for auto dealerships,toma,https://www.ycombinator.com/companies/toma,"['Monik Pamecha', 'Junyu Huang', 'Anthony Krivonos']",https://www.linkedin.com/company/tomavoice/,W24,"['Active', 'artificial-intelligence', 'generative-ai', 'b2b', 'conversational-ai', 'New York']",['founders@toma.so']
116,Carma,"San Francisco, CA, USA",Same-Day Auto Repair for Commercial Fleets.,carma,https://www.ycombinator.com/companies/carma,"['Muhammad Alasgarli', 'Brandt Lawson']",https://www.linkedin.com/company/carma-com,W24,"['Active', 'auto-commerce', 'marketplace', 'b2b', 'trust-&-safety', 'automotive', 'San Francisco']","['fleets@joincarma.com', 'shops@joincarma.com.Jobs', 'muhammad@joincarma.com', 'muhammad@joincarma.com']"
117,Preloop,,Translate your experimental scripts into production ML services,preloop,https://www.ycombinator.com/companies/preloop,['Tejas Hosangadi'],https://www.linkedin.com/company/preloop/,W24,"['Active', 'artificial-intelligence', 'deep-learning', 'developer-tools', 'machine-learning', 'data-science']",['founders@preloop.com']
118,Superagent,"San Francisco, CA, USA",Open-source AI-agents for doing web research,superagent,https://www.ycombinator.com/companies/superagent,"['Alan Zabihi', 'Ismail Pelaseyed']",https://www.linkedin.com/company/superagent-sh/,W24,"['Active', 'artificial-intelligence', 'developer-tools', 'open-source', 'ai-assistant', 'San Francisco']",[]
119,Bilanc,"London, England, United Kingdom",Unit Economics on autopilot,bilanc,https://www.ycombinator.com/companies/bilanc,['Samuel Akinwunmi'],https://www.linkedin.com/company/bilanc,W24,"['Active', 'finops', 'fintech', 'finance', 'analytics', 'data-science']",['sam@bilanc.co']
120,SevnAI,"San Francisco, CA, USA",Foundation Models for Graphic Designs,sevnai,https://www.ycombinator.com/companies/sevnai,"['Jean Kaddour', 'Srijan Patel']",https://linkedin.com/in/jean-kaddour-344837267,W24,"['Active', 'generative-ai', 'design', 'ai', 'San Francisco']",[]
121,Browser Buddy,"San Francisco, CA, USA",Recommendations across the web,browser-buddy,https://www.ycombinator.com/companies/browser-buddy,"['Mohammed Muslim', 'Jeremy Suh', 'Arnav Wadehra']",https://www.linkedin.com/company/recipe-workspace,W24,"['Active', 'saas', 'consumer', 'San Francisco']",[]
122,Astro Mechanica,"San Francisco, CA, USA",New jet engines for the new Jet Age.,astro-mechanica,https://www.ycombinator.com/companies/astro-mechanica,['Ian Brooke'],https://www.linkedin.com/company/astro-mechanica/,W24,"['Active', 'commercial-space-launch', 'airplanes', 'aerospace', 'San Francisco']",['info@astromecha.co']
123,CodeAnt AI,"San Francisco, CA, USA",AI to auto-fix bad code & security vulnerabilities.,codeant-ai,https://www.ycombinator.com/companies/codeant-ai,"['Amartya Jha', 'Chinmay Bharti']",https://www.linkedin.com/company/codeant-ai,W24,"['Active', 'artificial-intelligence', 'developer-tools', 'saas', 'b2b', 'productivity', 'San Francisco']",['amartya@codeant.ai']
124,Draftaid,"Toronto, ON, Canada",Go from 3D models to CAD drawings using AI,draftaid,https://www.ycombinator.com/companies/draftaid,"['Mohammed Al-arnawoot', 'Abdullah Elqabbany', 'Tahsin Rahman']",https://www.linkedin.com/company/draftaid,W24,"['Active', 'construction', 'design', 'manufacturing', 'architecture', 'ai-assistant']",['mohammed@draftaid.io']
125,Metofico,"London, England, United Kingdom",No Code Data Analysis for Life Science Research,metofico,https://www.ycombinator.com/companies/metofico,"['Mehdi Boudjadja', 'Salah Boudjadja']",https://www.linkedin.com/company/31390857/admin/inbox/,W24,"['Active', 'saas', 'data-science', 'no-code', 'data-visualization']",['info@metofico.com']
126,Ellipsis,,"Convert technical instructions into working, tested code",ellipsis,https://www.ycombinator.com/companies/ellipsis,"['Hunter Brooks', 'Nick Bradford']",https://www.linkedin.com/company/ellipsis-dev/,W24,"['Active', 'artificial-intelligence', 'developer-tools', 'generative-ai', 'saas', 'ai']",['team@ellipsis.dev']
127,Dime,,The Factory Operating System,dime,https://www.ycombinator.com/companies/dime,"['Ben Share', 'Aaron Barbieri-Aghib']",https://www.linkedin.com/in/benshare,S21,"['Active', 'San Francisco']",[]
128,SpareChange,"New York, NY, USA","Making high-impact, tax-effective philanthropy, available to…",sparechange,https://www.ycombinator.com/companies/sparechange,"['Sid Premkumar', 'Sahil Sinha']",https://www.linkedin.com/company/getsparechange,W24,"['Active', 'fintech', 'consumer', 'consumer-finance', 'New York']",[]
129,Pythagora (GPT Pilot),,OSS dev tool that builds entire apps from scratch by talking to you,pythagora-(gpt-pilot),,,,,,
130,Wuri,,"AI app to read web stories as visual novels with images, videos, audio",wuri,https://www.ycombinator.com/companies/wuri,"['Akshay Megharaj', 'Pratik Gangwal']",https://www.linkedin.com/company/teamwuri,W24,['Active'],['founders@wuri.ai']
131,Opens,Remote,"Autopilot customer support on phone, web and email.",opens,https://www.ycombinator.com/companies/opens,"['Mohammad Gharbat', 'Shanur Rahman']",https://www.linkedin.com/company/opencopilot,W24,"['Active', 'generative-ai', 'ai', 'conversational-ai', 'ai-assistant']",[]
132,Aedilic,"Palo Alto, CA, USA",gpudeploy.com,aedilic,https://www.ycombinator.com/companies/aedilic,"['Nicholas Waltz', 'Lukas Schneider']",https://www.linkedin.com/company/aedilic,W24,"['Active', 'artificial-intelligence', 'marketplace', 'b2b', 'ai', 'Palo Alto']",['nico@aedilic.com']
133,Salvy,"Curitiba, PR, Brazil",Mobile carrier for businesses in Brazil,salvy,https://www.ycombinator.com/companies/salvy,"['Artur Negrão', 'Hudo Assenco', 'Maria Eduarda Kumlehn', 'Lucas Rosa']",https://www.linkedin.com/company/use-salvy,W24,"['Active', 'saas', 'b2b', 'latin-america', 'telecommunications', 'ai']",[]
134,Centralize,"San Francisco, CA, USA",Analyze customer conversations with AI to upsell more and slash churn,centralize,https://www.ycombinator.com/companies/centralize,"['Rachit Kataria', 'Will Wang']",https://www.linkedin.com/company/usecentralize,W24,"['Active', 'artificial-intelligence', 'generative-ai', 'saas', 'b2b', 'analytics', 'San Francisco']",['founders@usecentralize.com']
135,phospho,"San Francisco, CA, USA",Open Source Text Analytics for LLM Apps,phospho,https://www.ycombinator.com/companies/phospho,"['Pierre-Louis Biojout', 'Paul-Louis Venard']",https://www.linkedin.com/company/phospho-app/,W24,"['Active', 'generative-ai', 'saas', 'analytics', 'ai', 'conversational-ai', 'San Francisco']",[]
136,Quantic,"San Francisco, CA, USA",Next generation data for Sales teams.,quantic,https://www.ycombinator.com/companies/quantic,"['Grant Margerum', 'Garrett Graves']",https://www.linkedin.com/company/quantichq/,W24,"['Active', 'sales', 'sales-enablement', 'automation', 'ai', 'databases', 'San Francisco']",['sales@quantichq.com']
137,Resonance,"San Francisco, CA, USA",Optimally upsell users within your product,resonance,https://www.ycombinator.com/companies/resonance,['Jonathan Ou'],https://www.linkedin.com/company/99332802/admin/feed/posts/,W24,"['Active', 'reinforcement-learning', 'saas', 'customer-success', 'enterprise-software', 'ai', 'San Francisco']",[]
138,Firebender,"San Francisco, CA, USA",Find the best leads to sell to,firebender,https://www.ycombinator.com/companies/firebender,"['Aman Gottumukkala', 'Kevin Tang']",https://linkedin.com/company/firebender-ai,W24,"['Active', 'saas', 'b2b', 'sales', 'marketing', 'ai', 'San Francisco']",['aman@firebender.com']
139,Aether Energy,"San Francisco, CA, USA",AI design and workflow software for solar installers worldwide,aether-energy,https://www.ycombinator.com/companies/aether-energy,"['Zayne Sagar', 'Shelby Bons']",https://www.linkedin.com/company/aetherenergy,W24,"['Active', 'saas', 'solar-power', 'climate', 'renewable-energy', 'ai', 'San Francisco']",['zsagar@aetherenergy.me']
140,Kiosk,"Paris, Île-de-France, France",WhatsApp Marketing for E-commerce,kiosk,https://www.ycombinator.com/companies/kiosk,"['Paul Lafforgue', 'Thomas Sohet']",https://www.linkedin.com/company/getkiosk,W24,"['Active', 'artificial-intelligence', 'messaging', 'marketing', 'automation']",['paul@kiosk.so']
141,Ragas,"San Francisco, CA, USA",Building the open source standard for evaluating LLM Applications,ragas,https://www.ycombinator.com/companies/ragas,"['Jithin James', 'Shahul ES']",https://www.linkedin.com/company/ragas/,W24,"['Active', 'artificial-intelligence', 'developer-tools', 'open-source', 'San Francisco']",[]
142,sync labs,"San Francisco, CA, USA",an api for realtime lipsync,sync-labs,https://www.ycombinator.com/companies/sync-labs,"['Prady Modukuru', 'Prajwal K R', 'Rudrabha Mukhopadhyay', 'Pavan Reddy']",https://www.linkedin.com/company/synclabs-ai/,W24,"['Active', 'artificial-intelligence', 'computer-vision', 'api', 'apis', 'San Francisco']",[]
143,PandasAI,"Munich, BY, Germany",PandasAI is an open-source conversational data analysis platform with…,pandasai,https://www.ycombinator.com/companies/pandasai,['Gabriele Venturi'],https://www.linkedin.com/company/pandasai/,W24,"['Active', 'artificial-intelligence', 'analytics', 'data-visualization', 'ai']",[]
144,Infinity,"Bengaluru, KA, India",Business banking for cross-border SMBs & Startups,infinity,https://www.ycombinator.com/companies/infinity,"['Sourav Choraria', 'Sidharth Choraria']",https://www.linkedin.com/company/infinityinvest/,W24,"['Active', 'fintech', 'payments', 'b2b', 'investing', 'international']","['sourav@infinityapp.in', 'sid@infinityapp.in']"
145,InQuery,,Fully managed data lakehouse,inquery,,,,,,
146,Markprompt,"San Francisco, CA, USA",AI for customer support,markprompt,https://www.ycombinator.com/companies/markprompt,"['Marie Schneegans', 'Michael Fester']",https://www.linkedin.com/company/markprompt/,W24,"['Active', 'developer-tools', 'customer-support', 'infrastructure', 'ai', 'ai-assistant', 'San Francisco']",['founders@markprompt.com']
147,Tamarind Bio,"San Francisco, CA, USA",Easy to use computational biology tools for drug discovery,tamarind-bio,https://www.ycombinator.com/companies/tamarind-bio,"['Deniz Kavi', 'Sherry Liu']",https://linkedin.com/in/deniz-kavi,W24,"['Active', 'ai-powered-drug-discovery', 'machine-learning', 'saas', 'b2b', 'biotechnology', 'San Francisco']","['founders@tamarind.bioTamarind', 'founders@tamarind.bio']"
148,Anaphero,"San Francisco, CA, USA",Automating patient-facing tasks with voice AI,anaphero,https://www.ycombinator.com/companies/anaphero,"['Ryan Gallagher', 'Jeffrey Lamothe']",https://www.linkedin.com/company/anapherohealth/,W24,"['Active', 'artificial-intelligence', 'health-tech', 'digital-health', 'healthcare', 'ai', 'San Francisco']",['founders@anaphero.com']
149,Swift,"San Francisco, CA, USA",Instant deposit API for brokerages and digital banks,swift,,,,,,
150,Intercept,"San Francisco, CA, USA",Helping CPG brands automatically flag and dispute invalid retail fees,intercept,https://www.ycombinator.com/companies/intercept,"['Sasha Zhang', 'Jordan Wick']",https://www.linkedin.com/company/99366646,W24,"['Active', 'b2b', 'workflow-automation', 'supply-chain', 'food-&-beverage', 'enterprise-software', 'San Francisco']",['founders@tryintercept.com']
151,Creo,"San Francisco, CA, USA",Build internal tools with AI,creo,https://www.ycombinator.com/companies/creo,"['Rohan Mayya', 'Saifur Rahman']",https://www.linkedin.com/company/trycreo,W24,"['Active', 'artificial-intelligence', 'developer-tools', 'b2b', 'San Francisco']",['founders@trycreo.com']
152,Decipher AI,"San Francisco, CA, USA",Helping engineers understand and fix production bugs,decipher-ai,https://www.ycombinator.com/companies/decipher-ai,"['Michael Rosenfield', 'Rohan Das']",https://www.linkedin.com/company/decipher-ai/,W24,"['Active', 'developer-tools', 'saas', 'b2b', 'monitoring', 'ai', 'San Francisco']","['founders@getdecipher.com.Decipher', 'founders@getdecipher.com', 'founders@getdecipher.com']"
153,Infinity AI,"San Francisco, CA, USA","Type a script, get a movie. ",infinity-ai,https://www.ycombinator.com/companies/infinity-ai,"['Lina Colucci', 'Sidney Primas', 'Andrew Weitz']",https://www.linkedin.com/company/infinityai,W24,"['Active', 'artificial-intelligence', 'video', 'creator-economy', 'San Francisco']",[]
154,Double,"San Francisco, CA, USA",A smarter investing account,double,,,,,,
155,Speck,"San Francisco, CA, USA",AI assistant for web automation,speck,https://www.ycombinator.com/companies/speck,"['Lucas Jaggernauth', 'Raghav Pillai']",https://www.linkedin.com/company/speck,W24,"['Active', 'artificial-intelligence', 'b2b', 'productivity', 'automation', 'San Francisco']",[]
156,Guide Labs,"San Francisco, CA, USA",Interpretable foundation models that are easy to align,guide-labs,https://www.ycombinator.com/companies/guide-labs,"['Julius Adebayo', 'Fulton Wang']",https://www.linkedin.com/company/guide-labs,W24,"['Active', 'generative-ai', 'machine-learning', 'api', 'ai', 'San Francisco']",['info@guidelabs.ai']
157,OmniAI,"New York, NY, USA",Build on top of unstructured data,omniai,https://www.ycombinator.com/companies/omniai,"['Tyler Maran', 'Anna Pojawis']",https://www.linkedin.com/company/getomni-ai/,W24,"['Active', 'big-data', 'data-engineering', 'ai', 'New York']",['founders@getomni.ai']
158,Keywords AI,"San Francisco, CA, USA",Unified DevOps platform to build software with AI.,keywords-ai,https://www.ycombinator.com/companies/keywords-ai,"['Andy Li', 'Raymond Huang']",https://www.linkedin.com/company/keywordsai/,W24,"['Active', 'artificial-intelligence', 'developer-tools', 'saas', 'b2b', 'api', 'San Francisco']","['team@keywordsai.co', 'team@keywordsai.co']"
159,PromptArmor,,Security and Compliance for LLM Applications,promptarmor,https://www.ycombinator.com/companies/promptarmor,"['Shankar Krishnan', 'Vikram Jayanthi']",https://www.linkedin.com/company/promptarmor,W24,"['Active', 'generative-ai', 'security', 'cybersecurity', 'ai']",[]
160,Zaymo,"Orem, UT, USA",Interactive email builder for ecommerce brands,zaymo,https://www.ycombinator.com/companies/zaymo,"['Brice Douglas', 'Santiago Gomez Paz', 'Daniel Jones']",https://www.linkedin.com/company/zaymo,W24,"['Active', 'b2b', 'design-tools', 'e-commerce', 'marketing', 'email']","['founders@zaymo.com', 'founders@zaymo.com']"
161,Glimmer,"San Francisco, CA, USA",AI search for massive PDFs,glimmer,https://www.ycombinator.com/companies/glimmer,"['Praneeth Guduguntla', 'Arman Rafati']",https://www.linkedin.com/company/98872753/admin/feed/posts/,W24,"['Active', 'search', 'ai', 'San Francisco']",['founders@withglimmer.com']
162,Celest,"San Francisco, CA, USA",The Vercel of Flutter,celest,https://www.ycombinator.com/companies/celest,['Dillon Nys'],https://www.linkedin.com/company/celest-dev/,W24,"['Active', 'developer-tools', 'saas', 'b2b', 'cloud-computing', 'infrastructure', 'San Francisco']",['dillon@celest.dev']
163,Meticulate,,The AI engine for world-class business research,meticulate,https://www.ycombinator.com/companies/meticulate,"['Wilbur Li', 'Joseph Palakapilly']",https://www.linkedin.com/company/99121539/,W24,['Active'],"['founders@meticulate.ai', 'founders@meticulate.ai']"
164,CloudCruise,"San Francisco, CA, USA",Enabling AI to use computers like humans,cloudcruise,https://www.ycombinator.com/companies/cloudcruise,"['Adrian Ziegler', 'Felix Martin Eckert', 'Vere Whittome']",https://www.linkedin.com/company/cloudcruise,W24,"['Active', 'generative-ai', 'saas', 'workflow-automation', 'ai-assistant', 'San Francisco']",[]
165,Attunement,"San Francisco, CA, USA",Remote monitoring platform for behavioral health,attunement,https://www.ycombinator.com/companies/attunement,"['Angie Muller', 'Briar Smith']",https://linkedin.com/in/angiemuller,W24,"['Active', 'artificial-intelligence', 'machine-learning', 'digital-health', 'healthcare', 'mental-health', 'San Francisco']",['founders@attunement.ai']
166,Lucite,"New York, NY, USA",Automating deliverables for finance professionals. ,lucite,https://www.ycombinator.com/companies/lucite,"['Jason Spector', 'Richard Greenbaum']",https://linkedin.com/company/lucitetechnologysolutions/about/,W24,"['Active', 'saas', 'finance', 'productivity', 'investing', 'ai', 'New York']",['founders@lucite.ai']
167,Selera Medical,"Mountain View, CA, USA","One-time, device-based treatment for heart failure",selera-medical,https://www.ycombinator.com/companies/selera-medical,"['Stacie Arechavala', 'Kevin Bui']",https://www.linkedin.com/company/selera-medical/,W24,"['Active', 'medical-devices', 'healthcare', 'Mountain View']",['founders@seleramedical.com']
168,OneGrep,"New York, NY, USA",AI Observability Copilot for Engineers,onegrep,https://www.ycombinator.com/companies/onegrep,"['Achintya Ashok', 'Brian Cripe']",https://www.linkedin.com/company/onegrep,W24,"['Active', 'developer-tools', 'b2b', 'devops', 'ai', 'New York']",['contactus@onegrep.dev']
169,Parasale,"San Francisco, CA, USA",AI Recruiter: Find and Engage Candidates on Autopilot,parasale,https://www.ycombinator.com/companies/parasale,"['Josh Valdez', 'Jet Zhou']",https://www.linkedin.com/company/parasale,W24,"['Active', 'artificial-intelligence', 'recruiting', 'hr-tech', 'San Francisco']",['josh@parasale.io']
170,Tusk,"San Francisco, CA, USA",AI agent that fixes customers' bugs instantly,tusk,https://www.ycombinator.com/companies/tusk,"['Marcel Tan', 'Sohil Kshirsagar']",https://www.linkedin.com/company/usetusk,W24,"['Active', 'artificial-intelligence', 'developer-tools', 'saas', 'b2b', 'ai', 'San Francisco']",[]
171,PartnerHQ,,A marketplace for B2B businesses to buy warm intros. ,partnerhq,https://www.ycombinator.com/companies/partnerhq,"['Kat Wang', 'Stan Liu']",https://www.linkedin.com/company/trypartnerhq/,W24,['Active'],['founders@trypartnerhq.com']
172,atopile,"San Francisco, CA, USA",We make tools to design electronics circuit boards with code,atopile,https://www.ycombinator.com/companies/atopile,"['Matt Wildoer', 'Timothée Peter', 'Narayan Powderly']",https://www.linkedin.com/company/99142194/,W24,"['Active', 'hardware', 'saas', 'design-tools', 'electronics', 'San Francisco']",['founders@atopile.io']
173,Blume Benefits,"San Francisco, CA, USA",The AI copilot for health insurance brokers.,blume-benefits,https://www.ycombinator.com/companies/blume-benefits,"['Aditya Joshi', 'Ethan Hou', 'Varun Verma']",https://www.linkedin.com/company/blumebenefits/,W24,"['Active', 'artificial-intelligence', 'health-insurance', 'ai-assistant', 'San Francisco']",['founders@blumebenefits.com']
174,Airfront,"San Francisco, CA, USA",AI automation platform for your email inbox,airfront,https://www.ycombinator.com/companies/airfront,"['Joanne Wang', 'Tommy Guo']",https://www.linkedin.com/company/tryairfront,W24,"['Active', 'artificial-intelligence', 'saas', 'b2b', 'productivity', 'automation', 'San Francisco']",['founders@airfront.com']
175,SynsoryBio,"Cambridge, MA, USA","""If-then"" conditional logic for protein drugs",synsorybio,https://www.ycombinator.com/companies/synsorybio,"['Elliot Tague', 'Nathan Tague']",https://www.linkedin.com/company/synsorybio/,W24,"['Active', 'synthetic-biology', 'biotech', 'therapeutics', 'oncology']",['info@synsorybio.com']
176,Yoneda Labs,"San Francisco, CA, USA",Foundation Model for Chemical Manufacturing,yoneda-labs,https://www.ycombinator.com/companies/yoneda-labs,"['Michał Mgeładze-Arciuch', 'Jan Oboril', 'Daniel Vlasits']",https://www.linkedin.com/company/YonedaLabs,W24,"['Active', 'artificial-intelligence', 'b2b', 'biotech', 'design-tools', 'ai', 'San Francisco']",['michal@yonedalabs.com']
177,TokenOwl,"New York, NY, USA",AI portfolio tools for the next generation of crypto,tokenowl,https://www.ycombinator.com/companies/tokenowl,"['Colin Holter', 'Amith Vanmane']",https://linkedin.com/in/colin-holter-ab1118116,W24,"['Active', 'artificial-intelligence', 'crypto-web3', 'cryptocurrency', 'New York']",['founders@tokenowl.ai']
178,Hona,"San Francisco, CA, USA",AI to help physicians intake and treat patients,hona,https://www.ycombinator.com/companies/hona,"['Manny Griffiths', 'Josh Christensen', 'Matt McClellan']",https://www.linkedin.com/company/honasoftware,W23,"['Active', 'saas', 'b2b']",[]
179,Topo,"Paris, Île-de-France, France",AI sales agent custom trained for each company to reach the best leads,topo,https://www.ycombinator.com/companies/topo,"['Dan Elkaim', 'Léonard Henriquez', 'Robin Philibert']",https://www.linkedin.com/company/topo-io,W24,"['Active', 'saas', 'sales', 'ai']",['dan@topo.io']
180,Trellis,,AI-powered Snowflake for unstructured data,trellis,https://www.ycombinator.com/companies/trellis,"['Mac Klinkachorn', 'Jacky Lin']",https://www.linkedin.com/company/runtrellis,W24,"['Active', 'b2b', 'data-engineering', 'infrastructure', 'ai', 'databases']",['founders@usetrellis.co']
181,Ecliptor,"San Francisco, CA, USA",Unlocking revenue for devtools by finding product champions with AI.,ecliptor,https://www.ycombinator.com/companies/hatchet,"['Andre Fu', 'Nanki Grewal']",https://www.linkedin.com/company/99437744/,W24,"['Active', 'b2b', 'sales', 'ai', 'San Francisco']","['andre@ecliptor.ai', 'andre@ecliptor.ai']"
182,Greenboard,,'Rippling' for Financial Compliance and Operations ,greenboard,https://www.ycombinator.com/companies/greenboard,"['Dave Feldman', 'Edward Schembor']",https://www.linkedin.com/company/greenboard-compliance/,W24,['Active'],"['founders@greenboard.io', 'founders@greenboard.io']"
183,Eggnog,"New York, NY, USA",Youtube for AI-generated content,eggnog,https://www.ycombinator.com/companies/eggnog,"['Jitesh Maiyuran', 'Sam Plank']",https://www.linkedin.com/company/eggnogai,W24,"['Active', 'artificial-intelligence', 'entertainment', 'social-media', 'video', 'New York']",[]
184,Artisan AI,"San Francisco, CA, USA","AI Employees Called Artisans, Starting With A BDR",artisan-ai,https://www.ycombinator.com/companies/artisan-ai,"['Jaspar Carmichael-Jack', 'Rupert Dodkins']",https://www.linkedin.com/company/artisanai/,W24,"['Active', 'artificial-intelligence', 'saas', 'b2b', 'workflow-automation', 'sales', 'San Francisco']",['jaspar@artisan.co']
185,Octolane AI,"San Francisco, CA, USA",Building AI-first Salesforce,octolane-ai,https://www.ycombinator.com/companies/octolane-ai,"['One Chowdhury', 'Md Abdul Halim Rafi']",https://www.linkedin.com/company/99134096,W24,"['Active', 'machine-learning', 'b2b', 'sales', 'crm', 'ai', 'San Francisco']",[]
186,SuretyNow,"Austin, TX, USA",The Modern Surety Bond Platform,suretynow,https://www.ycombinator.com/companies/suretynow,"['Bruce Chi', 'Jay Xiao']",https://www.linkedin.com/company/withsuretynow,W24,"['Active', 'fintech', 'b2b', 'insurance', 'Austin']",[]
187,Roe AI,"San Mateo, CA, USA","Data warehouse to query unstructured data like docs, webs, imgs & more",roe-ai,https://www.ycombinator.com/companies/roe-ai,"['Richard Meng', 'Jason Wang']",https://www.linkedin.com/company/roe-ai,W24,"['Active', 'generative-ai', 'saas', 'b2b', 'big-data', 'infrastructure', 'San Mateo']",['founders@roe-ai.com']
188,Arini,"San Francisco, CA, USA",AI receptionist for dentists,arini,https://www.ycombinator.com/companies/arini,"['Abdul Jamjoom', 'Rami Rustom']",https://www.linkedin.com/company/ariniai,W24,"['Active', 'artificial-intelligence', 'health-tech', 'dental', 'call-center', 'conversational-ai', 'San Francisco']",['founders@arini.ai']
189,Paradigm,"San Francisco, CA, USA",Your AI intern to automate repetitive tasks.,paradigm,https://www.ycombinator.com/companies/paradigm,"['Anna Monaco', 'Claire Oxner']",https://www.linkedin.com/company/tryparadigm/,W24,"['Active', 'artificial-intelligence', 'b2b', 'ai-assistant', 'San Francisco']",[]
190,PointOne,"San Francisco, CA, USA",Automated timekeeping and billing for law firms.,pointone,https://www.ycombinator.com/companies/pointone,"['Adrian Parlow', 'Jeremy Ben-Meir', 'Katon Luaces']",https://www.linkedin.com/company/pointoneai,W24,"['Active', 'saas', 'b2b', 'legal', 'legaltech', 'ai', 'San Francisco']",[]
191,Patchwork,"San Francisco, CA, USA",Your team’s AI powered communication tool,patchwork,https://www.ycombinator.com/companies/patchwork,"['Dhruhin Kurli', 'Nikki Shah']",https://linkedin.com/in/dhruhin,W24,"['Active', 'saas', 'b2b', 'productivity', 'collaboration', 'ai', 'San Francisco']",['info@atpatchwork.com']
192,Starlight Charging,"Austin, TX, USA",Ultra-low-cost EV charging for condos and apartments,starlight-charging,https://www.ycombinator.com/companies/starlight-charging,['Andrew Kouri'],https://www.linkedin.com/company/starlight-charging,W24,"['Active', 'proptech', 'climate', 'energy', 'electric-vehicles', 'automotive', 'Austin']",[]
193,Assembly,"San Francisco, CA, USA",Contextual Code Search for engineering teams ,assembly,,,,,,
194,MathDash,"New York, NY, USA",Turning Math into a Sport,mathdash,https://www.ycombinator.com/companies/mathdash,"['Daniel Sun', 'Akshaj Kadaveru']",https://www.linkedin.com/company/102834223/admin/feed/posts/,W24,"['Active', 'ai-enhanced-learning', 'education', 'elearning', 'consumer', 'gaming', 'New York']",[]
195,Leaping,"San Francisco, CA, USA",Automate bug resolution,leaping,https://www.ycombinator.com/companies/leaping,"['Kanav Petkar', 'Adrien Philardeau']",https://www.linkedin.com/company/leapinglabs,W24,"['Active', 'developer-tools', 'ai-assistant', 'San Francisco']",[]
196,Basalt Tech,"San Francisco, CA, USA","Autonomy in space, for every mission",basalt-tech,https://www.ycombinator.com/companies/basalt-tech,"['Maximillian Bhatti', 'Alex Choi']",https://www.linkedin.com/company/101564456/,W24,"['Active', 'aerospace', 'enterprise-software', 'automation', 'San Francisco']",['founders@basalt.space']
197,Carousel Technologies,"New York, NY, USA",Professional AI toolkit for PowerPoint,carousel-technologies,https://www.ycombinator.com/companies/carousel-technologies,"['Daniel Wolf', 'Jude Rizzo']",https://www.linkedin.com/company/carousel-tech/,W24,"['Active', 'finance', 'b2b', 'enterprise-software', 'New York']",[]
198,Agentic Labs,"New York, NY, USA",AI system design tools for dev teams,agentic-labs,,,,,,
199,DaLMatian,,The first autonomous AI data analyst agent,dalmatian,https://www.ycombinator.com/companies/dalmatian,"['Alan Du', 'Jason Cai', 'Derrick Xin']",https://www.linkedin.com/company/dalmatian-ai,W24,"['Active', 'artificial-intelligence', 'generative-ai', 'b2b', 'analytics']",['founders@dalmatian.ai']
200,Pivot Robots,,AI for Robot Arms in Factories,pivot-robots,https://www.ycombinator.com/companies/pivot-robots,"['Siddharth Girdhar', 'Vignesh Rajmohan']",https://www.linkedin.com/company/pivot-robots/,W24,"['Active', 'artificial-intelligence', 'robotics', 'industrial']",['founders@pivotrobots.com']
201,Aidy,"San Francisco, CA, USA",We help businesses and nonprofits apply for grants,aidy,https://www.ycombinator.com/companies/aidy,"['Max Williamson', 'Peter Crocker', 'Greg Miller']",https://www.linkedin.com/company/aidygrants/about/,W24,"['Active', 'artificial-intelligence', 'govtech', 'workflow-automation', 'climate', 'fundraising', 'San Francisco']",[]
202,DGI Apparel,"New York, NY, USA",Expedia for ordering blank apparel,dgi-apparel,https://www.ycombinator.com/companies/dgi-apparel,"['Ian Hinkley', 'Grant Fuhr', 'Daniel Shkreli']",https://www.linkedin.com/company/dgi-apparel,W24,"['Active', 'marketplace', 'b2b', 'apparel', 'New York']",['ian@dgiapparel.com']
203,Buster,"San Francisco, CA, USA",Infrastructure to connect LLMs and databases,buster,https://www.ycombinator.com/companies/buster,"['Blake Rouse', 'Dallin Bentley']",https://www.linkedin.com/company/usebuster/,W24,"['Active', 'developer-tools', 'generative-ai', 'saas', 'infrastructure', 'ai', 'San Francisco']",[]
204,Garage,"New York, NY, USA",Marketplace for used firefighting equipment.,garage,https://www.ycombinator.com/companies/garage,"['Gwanygha’a Gana', 'Cedric Foudjet']",https://www.linkedin.com/company/garage-mobility/,S22,"['Active', 'auto-commerce', 'marketplace', 'transportation']",[]
205,Mango Health,"San Francisco, CA, USA",We get physicians paid for sending patients to therapy.,mango-health,https://www.ycombinator.com/companies/mango-health,"['Jamison Mercurio', 'Zachary Gittelman']",https://www.linkedin.com/company/97872692/admin/feed/posts/,W24,"['Active', 'health-insurance', 'primary-care', 'mental-health', 'ai', 'San Francisco']","['jamie@themangohealth.comMango', 'founders@themangohealth.com']"
206,"Argon AI, Inc.","San Francisco, CA, USA",AI for Pharma Intelligence ,"argon-ai,-inc-",,,,,,
207,nCompass Technologies,Remote,Deploy hardware accelerated AI models with only one line of code,ncompass-technologies,https://www.ycombinator.com/companies/ncompass-technologies,"['Aditya Rajagopal', 'Diederik Vink']",https://linkedin.com/company/ncompass-technologies,W24,"['Active', 'hardware', 'open-source', 'api', 'cloud-computing', 'ai']","['aditya.rajagopal@ncompass.tech', 'diederik.vink@ncompass.tech']"
208,Pretzel AI,"Berlin, Berlin, Germany",Open-source & AI-native replacement for Jupyter Notebooks,pretzel-ai,https://www.ycombinator.com/companies/pretzel-ai,"['Prasoon Shukla', 'Ramon Garate']",https://www.linkedin.com/company/pretzel-ai/,W24,"['Active', 'artificial-intelligence', 'analytics', 'collaboration', 'open-source', 'data-science']",[]
209,Apriora,"San Francisco, CA, USA",Your AI recruiter for interviewing and identifying the best talent,apriora,https://www.ycombinator.com/companies/apriora,"['Aaron Wang', 'John Rytel']",https://www.linkedin.com/company/apriora/,W24,"['Active', 'artificial-intelligence', 'saas', 'b2b', 'recruiting', 'hr-tech', 'San Francisco']","['founders@apriora.ai', 'founders@apriora.ai', 'founders@apriora.ai', 'founders@apriora.ai']"
210,malibou,"Paris, IDF, France",the first all-in-one payroll and HR software for French SMBs,malibou,https://www.ycombinator.com/companies/malibou,"['Maxence Drummond', 'Alexandre Pernin']",https://www.linkedin.com/company/malibou-hr/,W24,"['Active', 'b2b', 'productivity', 'hr-tech', 'payroll', 'smb']",['maxence.drummond@malibou.co']
211,Quary,"London, England, United Kingdom",The first in-browser analytics engineering platform,quary,https://www.ycombinator.com/companies/quary,"['Benjamin King', 'Louis Jordan']",https://www.linkedin.com/company/quarylabs,W24,"['Active', 'artificial-intelligence', 'analytics', 'data-science', 'data-engineering', 'ai']",[]
212,Hemingway,"San Francisco, CA, USA",AI Patient Scheduler for Dentists,hemingway,https://www.ycombinator.com/companies/hemingway,"['Rohit Chaparala', 'Sam Detjen']",https://www.linkedin.com/company/hemingway-ai/,W24,"['Active', 'saas', 'scheduling', 'dental', 'ai', 'San Francisco']",['rohit@hemingwayai.co']
213,Tile,"New York, NY, USA",AI-first notebook for building operational data apps,tile,https://www.ycombinator.com/companies/tile,"['Jenica Zhong', 'Jessica Fang']",https://www.linkedin.com/company/102820110/,W24,"['Active', 'artificial-intelligence', 'saas', 'analytics', 'big-data', 'operations', 'New York']",['jenica@tile.sh']
214,Adagy Robotics,"New York, NY, USA",Rescuing robots,adagy-robotics,https://www.ycombinator.com/companies/adagy-robotics,"['Rosalind Shinkle', 'Kathleen Brandes']",https://www.linkedin.com/company/adagy-robotics,W24,"['Active', 'artificial-intelligence', 'developer-tools', 'robotics', 'logistics', 'manufacturing', 'New York']","['founders@adagyrobotics.com', 'founders@adagyrobotics.com']"
215,Momentic,"San Francisco, CA, USA",Automated software testing with AI,momentic,https://www.ycombinator.com/companies/momentic,"['Wei-Wei Wu', 'Jeff An']",https://www.linkedin.com/company/momentic-ai,W24,"['Active', 'artificial-intelligence', 'developer-tools', 'b2b', 'devops', 'ai', 'San Francisco']",['founders@momentic.ai']
216,Reducto,Remote,Unlocking data behind complex documents,reducto,https://www.ycombinator.com/companies/reducto,"['Adit Abraham', 'Raunak Chowdhuri']",https://www.linkedin.com/company/reducto-ai/,W24,['Active'],['founders@reducto.ai']
217,Vectorview,,Building custom evaluation tasks for AI,vectorview,https://www.ycombinator.com/companies/vectorview,"['Emil Fröberg', 'Lukas Petersson']",https://www.linkedin.com/company/98949870,W24,['Active'],['founders@vectorview.ai']
218,Maia,,AI relationship app that keeps couples together,maia,https://www.ycombinator.com/companies/maia,"['Claire Wiley', 'Ralph Ma']",https://linkedin.com/company/ourmaia,W24,['Active'],['hello@ourmaia.com']
219,"Nuanced, Inc.","San Francisco, CA, USA","Nuanced detects AI fraud, deepfakes, and misinformation. ","nuanced,-inc-",,,,,,
220,Precip,Remote,High precision AI weather models,precip,https://www.ycombinator.com/companies/precip,"['Jesse Vollmar', 'Michael Asher', 'Sam Pierce Lolla']",https://linkedin.com/in/vollmarj,W24,"['Active', 'consumer', 'climate', 'api', 'agriculture', 'ai']",[]
221,Tracecat,"San Francisco, CA, USA",Open source automation platform for security alerts,tracecat,https://www.ycombinator.com/companies/tracecat,"['Chris Lo', 'Daryl Lim']",https://www.linkedin.com/company/tracecat-ai,W24,"['Active', 'artificial-intelligence', 'workflow-automation', 'cybersecurity', 'monitoring', 'San Francisco']",[]
222,Kabilah,"Stanford, CA, USA",Simplifying Patient Handoff for Nurses,kabilah,https://www.ycombinator.com/companies/kabilah,"['Sarah Raza', 'Muhammad Umar Nadeem']",https://www.linkedin.com/company/kabilah/,W24,"['Active', 'artificial-intelligence', 'health-tech', 'digital-health', 'healthcare', 'ai', 'Stanford']","['founders@kabilah.com', 'founders@kabilah.com']"
223,Sonia,"San Francisco, CA, USA",AI Therapy for Mental Health,sonia,https://www.ycombinator.com/companies/sonia,"['Chris Aeberli', 'Dustin Klebe', 'Lukas Wolf']",https://www.linkedin.com/company/sonia-health/,W24,"['Active', 'artificial-intelligence', 'healthcare', 'mental-health', 'San Francisco']",[]
224,MAIHEM,"San Francisco, CA, USA",AI agents that test AI products ,maihem,https://www.ycombinator.com/companies/maihem,"['Max Ahrens', 'Eduardo Candela']",https://www.linkedin.com/company/maihem/,W24,"['Active', 'generative-ai', 'machine-learning', 'b2b', 'trust-&-safety', 'ai', 'San Francisco']",['contact@maihem.ai']
225,ion design,"San Francisco, CA, USA",Instantly converts designs into clean code,ion-design,https://www.ycombinator.com/companies/ion-design,"['Samraaj Bath', 'Samuel Barnholdt']",https://www.linkedin.com/company/ion-dot-design,W24,"['Active', 'artificial-intelligence', 'developer-tools', 'design-tools', 'web-development', 'San Francisco']",[]
226,Duckie,,AI technical support engineer that handles tickets.,duckie,https://www.ycombinator.com/companies/duckie,"['Valerie Li', 'Joel Ritossa']",https://www.linkedin.com/company/duckie-ai/,W24,['Active'],['founders@duckie.ai']
227,Happenstance,Remote,People search powered by AI,happenstance,https://www.ycombinator.com/companies/happenstance,['Alex Teichman'],https://linkedin.com/in/alexteichman,W24,"['Active', 'artificial-intelligence']",[]
228,Ubicloud,"San Francisco, CA, USA",Open source alternative to AWS,ubicloud,https://www.ycombinator.com/companies/ubicloud,"['Umur Cubukcu', 'Ozgun Erdogan', 'Daniel Farina']",https://www.linkedin.com/company/ubicloud,W24,"['Active', 'b2b', 'open-source', 'cloud-computing', 'infrastructure', 'databases', 'San Francisco']",['founders@ubicloud.com']
229,Greptile,"San Francisco, CA, USA","AI expert on any codebase in natural language, accessible via API",greptile,https://www.ycombinator.com/companies/greptile,"['Daksh Gupta', 'Soohoon Choi', 'Vaishant Kameswaran']",https://linkedin.com/company/greptile,W24,"['Active', 'artificial-intelligence', 'developer-tools', 'ai', 'San Francisco']",['daksh@greptile.com']
230,HeyPurple,"San Francisco, CA, USA",Purple is an AI property manager for landlords and homeowners.,heypurple,https://www.ycombinator.com/companies/heypurple,"['Aditya Ganapathi', 'Ryan Ali', 'Josh Passell']",https://www.linkedin.com/company/heypurple?trk=public_profile_experience-item_profile-section-card_image-click,W24,"['Active', 'artificial-intelligence', 'real-estate', 'proptech', 'conversational-ai', 'ai-assistant', 'San Francisco']",['founders@purplepill.ai']
231,ego,,AI-native 3D simulation engine ,ego,https://www.ycombinator.com/companies/ego,"['Vishnu Hari', 'Peggy Wang']",https://www.linkedin.com/company/egolive/,W24,['Active'],[]
232,Leya,"Stockholm, Stockholm County, Sweden",The AI assistant for lawyers,leya,https://www.ycombinator.com/companies/leya,"['Max Junestrand', 'August Erséus', 'Sigge Labor']",https://www.linkedin.com/company/leyalaw/,W24,"['Active', 'artificial-intelligence', 'generative-ai', 'legaltech']",[]
233,Scritch,"San Francisco, CA, USA",AI operating system for veterinary care,scritch,https://www.ycombinator.com/companies/scritch,"['Claire Lee', 'Rachel Lee']",https://www.linkedin.com/company/100475282/admin/feed/posts/,W24,"['Active', 'consumer-health-services', 'health-tech', 'b2b', 'healthcare', 'ai', 'San Francisco']",[]
234,RadMate AI,"San Francisco, CA, USA",Copilot for radiologists,radmate-ai,https://www.ycombinator.com/companies/radmate-ai,"['Mohamed Khalifa', 'Adam Skrocki']",https://www.linkedin.com/company/radmate-ai,W24,"['Active', 'artificial-intelligence', 'saas', 'digital-health', 'enterprise-software', 'ai-assistant', 'San Francisco']",['founders@radmate.ai']
235,ssoReady,"San Francisco, CA, USA",Open source developer tools for enterprise single sign-on,ssoready,https://www.ycombinator.com/companies/ssoready,"[""Ned O'Leary"", 'Ulysse Carion']",https://linkedin.com/in/nedoleary,W24,"['Active', 'developer-tools', 'saas', 'security', 'open-source', 'api', 'San Francisco']",[]
236,Relari,,Testing and Simulation Stack for GenAI Systems,relari,https://www.ycombinator.com/companies/relari,"['Yi Zhang', 'Pasquale Antonante']",https://www.linkedin.com/company/relari,W24,['Active'],['founders@relari.ai']
237,DryMerge,"San Francisco, CA, USA",Automate work with plain English.,drymerge,https://www.ycombinator.com/companies/drymerge,"['Edward Frazer', 'Samuel Brashears']",https://www.linkedin.com/company/98894763/,W24,"['Active', 'artificial-intelligence', 'saas', 'api', 'automation', 'infrastructure', 'San Francisco']","['founders@drymerge.com', 'founders@drymerge.com']"
238,Navier AI,,Real-Time CFD Simulations,navier-ai,https://www.ycombinator.com/companies/navier-ai,"['Cameron Flannery', 'Evan Kay']",https://www.linkedin.com/company/navier-ai/about/,W24,['Active'],['founders@navier.ai']
239,Upsolve AI,"San Francisco, CA, USA","Customer-facing analytics as a service, powered by AI.",upsolve-ai,https://www.ycombinator.com/companies/upsolve-ai,"['Ka Ling Wu', 'Serguei Balanovich']",https://www.linkedin.com/company/upsolveai/,W24,"['Active', 'developer-tools', 'generative-ai', 'analytics', 'data-visualization', 'ai', 'San Francisco']",['kaling.wu@upsolve.ai']
240,SciPhi,,SciPhi is the best way to build retrieval for AI,sciphi,https://www.ycombinator.com/companies/sciphi,['Owen Colegrove'],https://www.linkedin.com/company/sciphi-ai/,W24,"['Active', 'artificial-intelligence', 'developer-tools', 'infrastructure', 'ai']",['founders@sciphi.ai']
241,AgentHub,,A no-code platform for automating workflows with AI,agenthub,https://www.ycombinator.com/companies/agenthub,"['Max Brodeur-Urbas', 'Rahul Behal']",https://www.linkedin.com/company/agenthubai/,W24,['Active'],['feedback@agenthub.dev']
242,Driver AI,"Austin, TX, USA",Understand millions of lines of code in minutes.,driver-ai,https://www.ycombinator.com/companies/driver-ai,"['Adam Tilton', 'Daniel Hensley']",https://www.linkedin.com/company/driver-ai/,W24,"['Active', 'saas', 'b2b', 'ai', 'Austin']",['adam.tilton@driverai.com']
243,Lantern,"San Francisco, CA, USA",Postgres vector database extension to build AI applications,lantern,https://www.ycombinator.com/companies/lantern,"['Bastien Beurier', 'Guillaume Lachaud']",https://www.linkedin.com/in/bastienbeurier/,S19,"['Inactive', 'artificial-intelligence', 'San Francisco']",[]
244,Danswer,,Open Source AI Assistant and Enterprise Search,danswer,https://www.ycombinator.com/companies/danswer,"['Yuhong Sun', 'Chris Weaver']",https://www.linkedin.com/in/danswer-ai/,W24,['Active'],[]
245,Yenmo,"Bengaluru, KA, India",Secured consumer lending in India,yenmo,https://www.ycombinator.com/companies/yenmo,"['Ashutosh Purohit', 'Aryan Agarwal']",https://www.linkedin.com/company/yenmo-in/,W24,"['Active', 'fintech', 'lending', 'consumer-finance']",[]
246,GovernGPT,"Toronto, ON, Canada",AI Back Office for Private Funds,governgpt,https://www.ycombinator.com/companies/governgpt,"['Mamal Amini', 'Oliver Walerys']",https://www.linkedin.com/company/93647085/,W24,"['Active', 'artificial-intelligence', 'finance', 'b2b', 'investing', 'ai']",['mamal@governgpt.ai']
247,Stitch Technologies,"London, England, United Kingdom",-,stitch-technologies,https://www.ycombinator.com/companies/stitch-technologies,"['Till Kern', 'Yuriy Oparenko']",https://www.linkedin.com/company/stitch-tech,W24,"['Inactive', 'developer-tools', 'saas']",[]
248,TableFlow,,,,https://www.ycombinator.com/companies/inquery,"['Mitch Patin', 'Eric Ciminelli']",https://www.linkedin.com/company/tableflowhq,W23,"['Active', 'artificial-intelligence', 'developer-tools', 'saas', 'open-source', 'data-engineering', 'San Francisco']",[]
249,Double – Coding Copilot,,,,https://www.ycombinator.com/companies/double,"['Wesley Yue', 'Gonzalo Espinoza Graham']",https://www.linkedin.com/company/double-ai,W23,"['Active', 'developer-tools', 'saas', 'chatbot', 'enterprise', 'ai', 'Redwood City']",[]
